Rank,Club,Country,Level,Elo,From,To
1,Arsenal,ENG,1,2032.8302002,2025-10-27,2025-11-01
2,Paris SG,FRA,1,1995.52319336,2025-10-26,2025-10-29
3,Liverpool,ENG,1,1974.4597168,2025-10-27,2025-11-01
4,Man City,ENG,1,1969.44152832,2025-10-27,2025-11-02
5,Bayern,GER,1,1967.81640625,2025-10-26,2025-11-01
6,Real Madrid,ESP,1,1953.27416992,2025-10-27,2025-11-01
7,Barcelona,ESP,1,1927.4230957,2025-10-27,2025-11-02
8,Inter,ITA,1,1923.57714844,2025-10-26,2025-10-29
9,Chelsea,ENG,1,1896.61535645,2025-10-26,2025-11-01
10,Newcastle,ENG,1,1884.92932129,2025-10-26,2025-11-02
11,Aston Villa,ENG,1,1873.8560791,2025-10-27,2025-11-01
12,Atletico,ESP,1,1851.25231934,2025-10-24,2025-10-27
13,Bournemouth,ENG,1,1847.41931152,2025-10-27,2025-11-02
14,Dortmund,GER,1,1845.06665039,2025-10-26,2025-10-31
15,Crystal Palace,ENG,1,1842.23095703,2025-10-27,2025-11-01
16,Brighton,ENG,1,1832.25964355,2025-10-26,2025-11-01
17,Tottenham,ENG,1,1829.71008301,2025-10-27,2025-11-01
18,Leverkusen,GER,1,1829.61669922,2025-10-27,2025-11-01
19,Napoli,ITA,1,1829.46264648,2025-10-27,2025-10-28
20,Man United,ENG,1,1828.62487793,2025-10-27,2025-11-01
21,Brentford,ENG,1,1821.59594727,2025-10-27,2025-11-01
22,Atalanta,ITA,1,1813.29907227,2025-10-26,2025-10-28
23,Roma,ITA,1,1802.03381348,2025-10-27,2025-10-29
24,Sporting,POR,1,1801.65808105,2025-10-27,2025-11-04
25,Milan,ITA,1,1794.72998047,2025-10-27,2025-10-28
26,Everton,ENG,1,1792.01953125,2025-10-27,2025-11-03
27,PSV,NED,1,1790.20141602,2025-10-27,2025-11-04
28,Lille,FRA,1,1788.70739746,2025-10-27,2025-10-29
29,Villarreal,ESP,1,1786.76660156,2025-10-27,2025-11-01
30,Benfica,POR,1,1785.95739746,2025-10-27,2025-11-05
31,Juventus,ITA,1,1783.10473633,2025-10-27,2025-10-29
32,Fulham,ENG,1,1775.25598145,2025-10-26,2025-11-01
33,Marseille,FRA,1,1773.83569336,2025-10-26,2025-10-29
34,Lyon,FRA,1,1758.71179199,2025-10-27,2025-10-29
35,RB Leipzig,GER,1,1757.27429199,2025-10-26,2025-11-06
36,Betis,ESP,1,1756.98291016,2025-10-26,2025-10-27
37,Lazio,ITA,1,1756.36096191,2025-10-27,2025-10-30
38,Forest,ENG,1,1753.9909668,2025-10-27,2025-11-01
39,Bologna,ITA,1,1747.55310059,2025-10-27,2025-10-29
40,Monaco,FRA,1,1747.3729248,2025-10-27,2025-10-29
41,Brugge,BEL,1,1743.54504395,2025-10-27,2025-11-05
42,Frankfurt,GER,1,1741.36071777,2025-10-26,2025-11-04
43,Bilbao,ESP,1,1741.16296387,2025-10-26,2025-11-01
44,Galatasaray,TUR,1,1740.86218262,2025-10-27,2025-11-05
45,Porto,POR,1,1740.56164551,2025-10-27,2025-10-27
46,Burnley,ENG,1,1734.79138184,2025-10-27,2025-11-01
47,Leeds,ENG,1,1732.7442627,2025-10-27,2025-11-01
48,Lens,FRA,1,1731.96179199,2025-10-27,2025-10-29
49,St Gillis,BEL,1,1724.45544434,2025-10-27,2025-11-04
50,Strasbourg,FRA,1,1719.12744141,2025-10-27,2025-10-29
51,Stuttgart,GER,1,1719.06347656,2025-10-27,2025-11-06
52,Fiorentina,ITA,1,1715.18640137,2025-10-27,2025-10-29
53,Feyenoord,NED,1,1712.5369873,2025-10-27,2025-11-06
54,West Ham,ENG,1,1710.3848877,2025-10-25,2025-11-02
55,Wolves,ENG,1,1690.02941895,2025-10-27,2025-11-01
56,Freiburg,GER,1,1683.5123291,2025-10-27,2025-11-06
57,Fenerbahce,TUR,1,1683.41247559,2025-10-27,2025-10-27
58,Celta,ESP,1,1680.38879395,2025-10-27,2025-11-02
59,Torino,ITA,1,1679.39282227,2025-10-27,2025-10-29
60,Slavia Praha,CZE,1,1679.31884766,2025-10-27,2025-11-04
61,Nice,FRA,1,1677.0559082,2025-10-27,2025-10-29
62,Werder,GER,1,1676.86328125,2025-10-27,2025-11-06
63,Como,ITA,1,1675.63049316,2025-10-27,2025-10-29
64,Osasuna,ESP,1,1675.30090332,2025-10-27,2025-11-06
65,Rayo Vallecano,ESP,1,1675.07849121,2025-10-27,2025-11-01
66,Olympiakos,GRE,1,1672.21838379,2025-10-27,2025-11-04
67,Braga,POR,1,1672.06799316,2025-10-27,2025-11-06
68,Toulouse,FRA,1,1668.95947266,2025-10-27,2025-10-29
69,Midtjylland,DEN,1,1667.74890137,2025-10-27,2025-11-06
70,Mainz,GER,1,1667.00891113,2025-10-27,2025-11-06
71,Espanyol,ESP,1,1665.47009277,2025-10-26,2025-11-02
72,Bodoe Glimt,NOR,1,1664.43737793,2025-10-27,2025-11-04
73,Brest,FRA,1,1662.82763672,2025-10-26,2025-10-29
74,Valencia,ESP,1,1658.65283203,2025-10-27,2025-11-01
75,Rennes,FRA,1,1651.00219727,2025-10-27,2025-10-29
76,Sociedad,ESP,1,1649.70776367,2025-10-27,2025-11-01
77,Sevilla,ESP,1,1647.88415527,2025-10-27,2025-11-01
78,Alaves,ESP,1,1643.55163574,2025-10-27,2025-11-02
79,Getafe,ESP,1,1643.31945801,2025-10-26,2025-10-31
80,Zenit,RUS,1,1640.33081055,2025-10-27,2025-11-06
81,Mallorca,ESP,1,1638.74243164,2025-10-27,2025-11-02
82,Hoffenheim,GER,1,1636.92163086,2025-10-26,2025-11-06
83,Sunderland,ENG,1,1634.45715332,2025-10-26,2025-11-03
84,FC Krasnodar,RUS,1,1631.63244629,2025-10-26,2025-11-06
85,Ajax,NED,1,1630.85876465,2025-10-27,2025-11-05
86,Wolfsburg,GER,1,1627.58850098,2025-10-27,2025-11-06
87,Coventry,ENG,2,1623.3737793,2025-10-26,2025-11-06
88,FC Kobenhavn,DEN,1,1622.66723633,2025-10-27,2025-11-04
89,Alkmaar,NED,1,1622.20324707,2025-10-27,2025-11-06
90,Genoa,ITA,1,1620.5078125,2025-10-27,2025-10-29
91,Union Berlin,GER,1,1619.30944824,2025-10-27,2025-11-06
92,Udinese,ITA,1,1616.96984863,2025-10-27,2025-10-29
93,Levante,ESP,1,1610.53515625,2025-10-27,2025-11-02
94,Genk,BEL,1,1609.86315918,2025-10-27,2025-11-06
95,Elche,ESP,1,1609.39501953,2025-10-26,2025-11-02
96,CSKA Moskva,RUS,1,1609.09484863,2025-10-26,2025-11-06
97,Auxerre,FRA,1,1604.18371582,2025-10-27,2025-10-29
98,Cagliari,ITA,1,1603.19506836,2025-10-27,2025-10-30
99,Sassuolo,ITA,1,1601.94165039,2025-10-27,2025-10-30
100,Augsburg,GER,1,1601.26635742,2025-10-26,2025-10-31
None,Leicester,ENG,2,1600.48156738,2025-10-26,2025-11-06
None,PAOK,GRE,1,1600.42614746,2025-10-27,2025-11-06
None,Gladbach,GER,1,1598.07873535,2025-10-26,2025-11-06
None,Sparta Praha,CZE,1,1597.0480957,2025-10-24,2025-10-28
None,Girona,ESP,1,1594.96936035,2025-10-26,2025-10-31
None,Nantes,FRA,1,1594.57104492,2025-10-25,2025-10-29
None,Parma,ITA,1,1589.62023926,2025-10-26,2025-10-29
None,Viktoria Plzen,CZE,1,1586.17480469,2025-10-27,2025-11-06
None,Celtic,SCO,1,1585.78588867,2025-10-27,2025-10-29
None,Crvena Zvezda,SRB,1,1583.55407715,2025-10-27,2025-11-06
None,Koeln,GER,1,1583.16345215,2025-10-26,2025-11-06
None,Leganes,ESP,2,1582.02514648,2025-10-26,2025-11-06
None,Lorient,FRA,1,1581.74523926,2025-10-27,2025-10-29
None,Ipswich,ENG,2,1580.32250977,2025-10-26,2025-11-06
None,Middlesbrough,ENG,2,1576.95178223,2025-10-26,2025-11-06
None,Verona,ITA,1,1572.3338623,2025-10-27,2025-10-29
None,Las Palmas,ESP,2,1569.58544922,2025-10-25,2025-11-06
None,St Pauli,GER,1,1568.9498291,2025-10-26,2025-11-06
None,Lecce,ITA,1,1567.21643066,2025-10-26,2025-10-28
None,Anderlecht,BEL,1,1565.92382812,2025-10-25,2025-11-06
None,Hamburg,GER,1,1565.78967285,2025-10-26,2025-11-06
None,Cremonese,ITA,1,1565.64160156,2025-10-26,2025-10-29
None,Le Havre,FRA,1,1563.93395996,2025-10-27,2025-10-29
None,Karabakh Agdam,AZE,0,1561.56445312,2025-10-23,2025-11-05
None,Oviedo,ESP,1,1561.52954102,2025-10-26,2025-11-06
None,Viking,NOR,1,1561.4831543,2025-10-26,2025-11-06
None,Brondby,DEN,1,1560.17858887,2025-10-24,2025-10-27
None,Bristol City,ENG,2,1559.9329834,2025-10-26,2025-11-06
None,Brann,NOR,1,1555.35583496,2025-10-27,2025-11-06
None,Spartak Moskva,RUS,1,1554.22668457,2025-08-31,2025-11-06
None,Twente,NED,1,1552.87878418,2025-10-27,2025-11-06
None,Reims,FRA,2,1552.53417969,2025-10-25,2025-11-06
None,Mjaellby,SWE,1,1551.39794922,2025-10-27,2025-11-06
None,Millwall,ENG,2,1550.79724121,2025-10-26,2025-11-06
None,Paris FC,FRA,1,1549.91687012,2025-10-25,2025-10-29
None,Dinamo Zagreb,CRO,1,1549.35864258,2025-10-24,2025-11-06
None,Guimaraes,POR,1,1549.34997559,2025-10-27,2025-11-06
None,Almeria,ESP,2,1548.68151855,2025-10-27,2025-11-06
None,Sheffield United,ENG,2,1548.12878418,2025-10-25,2025-11-06
None,Famalicao,POR,1,1547.58813477,2025-10-27,2025-11-06
None,Lok Moskva,RUS,1,1545.93579102,2025-09-01,2025-11-06
None,AEK,GRE,1,1545.31213379,2025-10-27,2025-11-06
None,Angers,FRA,1,1544.98706055,2025-10-27,2025-10-29
None,Venezia,ITA,2,1544.24914551,2025-10-26,2025-11-06
None,Utrecht,NED,1,1541.50854492,2025-10-27,2025-11-06
None,Basel,SUI,1,1541.15356445,2025-10-27,2025-10-29
None,Shakhtar,UKR,1,1538.94592285,2025-10-27,2025-11-06
None,Santander,ESP,2,1538.54882812,2025-10-26,2025-11-06
None,Panathinaikos,GRE,1,1536.79150391,2025-10-27,2025-11-06
None,Jagiellonia,POL,1,1535.81298828,2025-10-27,2025-11-06
None,Heidenheim,GER,1,1535.71569824,2025-10-26,2025-11-06
None,Paphos,CYP,0,1534.87011719,2025-10-24,2025-11-05
None,Sturm Graz,AUT,1,1534.63647461,2025-10-27,2025-11-06
None,Aarhus,DEN,1,1534.01806641,2025-10-25,2025-11-06
None,Ferencvaros,HUN,1,1532.87756348,2025-10-27,2025-11-06
None,Elversberg,GER,2,1530.31274414,2025-10-26,2025-11-06
None,West Brom,ENG,2,1529.89672852,2025-10-26,2025-11-06
None,Metz,FRA,1,1529.81176758,2025-10-27,2025-10-29
None,Paderborn,GER,2,1529.47265625,2025-10-26,2025-11-06
None,Dynamo Moskva,RUS,1,1528.63293457,2025-09-01,2025-11-06
None,Southampton,ENG,2,1527.91296387,2025-10-26,2025-11-06
None,Pisa,ITA,1,1526.8548584,2025-10-25,2025-10-30
None,Saint-Etienne,FRA,2,1525.59179688,2025-10-26,2025-11-06
None,Cadiz,ESP,2,1525.57629395,2025-10-26,2025-11-06
None,Rakow,POL,1,1522.83178711,2025-10-27,2025-11-06
None,Empoli,ITA,2,1521.24182129,2025-10-25,2025-11-06
None,Monza,ITA,2,1519.43115234,2025-10-26,2025-11-06
None,Holstein,GER,2,1516.37805176,2025-10-26,2025-11-06
None,Stoke,ENG,2,1515.93078613,2025-10-26,2025-11-06
None,Swansea,ENG,2,1515.86364746,2025-10-26,2025-11-06
None,Nordsjaelland,DEN,1,1513.5670166,2025-10-25,2025-11-06
None,Hull,ENG,2,1513.08349609,2025-10-26,2025-11-06
None,Hammarby,SWE,1,1512.01269531,2025-10-24,2025-10-27
None,Rangers,SCO,1,1510.60522461,2025-10-27,2025-10-29
None,Trabzonspor,TUR,1,1510.55102539,2025-10-26,2025-11-06
None,Eibar,ESP,2,1507.12219238,2025-10-26,2025-11-06
None,Jablonec,CZE,1,1507.00500488,2025-10-26,2025-11-06
None,Gil Vicente,POR,1,1505.32141113,2025-10-25,2025-11-06
None,QPR,ENG,2,1504.38867188,2025-10-26,2025-11-06
None,Larnaca,CYP,0,1504.02709961,2025-10-24,2025-11-06
None,Nijmegen,NED,1,1503.63122559,2025-10-26,2025-11-06
None,Antwerp,BEL,1,1502.85766602,2025-10-27,2025-11-06
None,Lech,POL,1,1502.67224121,2025-10-27,2025-11-06
None,Salzburg,AUT,1,1502.10424805,2025-10-27,2025-11-06
None,Preston,ENG,2,1501.51501465,2025-10-25,2025-11-06
None,Granada,ESP,2,1501.2578125,2025-10-26,2025-11-06
None,M Tel Aviv,ISR,1,1500.02429199,2025-10-24,2025-10-27
None,Mirandes,ESP,2,1499.48876953,2025-10-26,2025-11-06
None,Mechelen,BEL,1,1498.10668945,2025-10-26,2025-11-06
None,Besiktas,TUR,1,1497.72009277,2025-10-27,2025-11-06
None,Depor,ESP,2,1496.31982422,2025-10-27,2025-11-06
None,Karlsruhe,GER,2,1495.33056641,2025-10-25,2025-11-06
None,Go Ahead Eagles,NED,1,1494.80187988,2025-10-27,2025-11-06
None,Burgos,ESP,2,1493.81347656,2025-10-26,2025-11-06
None,Djurgarden,SWE,1,1493.08825684,2025-10-26,2025-11-06
None,Troyes,FRA,2,1492.94262695,2025-10-25,2025-11-06
None,Young Boys,SUI,1,1492.78613281,2025-10-27,2025-11-06
None,Huesca,ESP,2,1491.23791504,2025-10-25,2025-11-06
None,Celje,SVN,1,1491.18615723,2025-10-27,2025-11-06
None,Gent,BEL,1,1489.75476074,2025-10-26,2025-11-06
None,Beer-Sheva,ISR,1,1489.3692627,2025-10-27,2025-11-06
None,Moreirense,POR,1,1487.8951416,2025-10-24,2025-10-27
None,Hannover,GER,2,1486.70678711,2025-10-27,2025-11-06
None,Bochum,GER,2,1486.67773438,2025-10-26,2025-11-06
None,Legia,POL,1,1486.00109863,2025-10-27,2025-11-06
None,Sparta Rotterdam,NED,1,1485.05822754,2025-10-26,2025-11-06
None,Charleroi,BEL,1,1484.58947754,2025-10-25,2025-11-06
None,Palermo,ITA,2,1483.45617676,2025-10-26,2025-11-06
None,Gijon,ESP,2,1482.7253418,2025-10-27,2025-11-06
None,Charlton,ENG,2,1481.70593262,2025-10-26,2025-11-06
None,Lautern,GER,2,1481.22839355,2025-10-27,2025-11-06
None,Blackburn,ENG,2,1480.46166992,2025-10-26,2025-11-06
None,Watford,ENG,2,1480.26477051,2025-10-26,2025-11-06
None,Samsunspor,TUR,1,1479.93554688,2025-10-24,2025-10-27
None,Cordoba,ESP,2,1478.94152832,2025-10-26,2025-11-06
None,Albacete,ESP,2,1478.9342041,2025-10-26,2025-11-06
None,Aris Limassol,CYP,0,1478.48181152,2025-10-24,2025-11-06
None,Frosinone,ITA,2,1477.52526855,2025-10-26,2025-11-06
None,Randers,DEN,1,1477.46875,2025-10-27,2025-11-06
None,Portsmouth,ENG,2,1477.43884277,2025-10-26,2025-11-06
None,Montpellier,FRA,2,1477.38024902,2025-10-26,2025-11-06
None,Darmstadt,GER,2,1475.94128418,2025-10-25,2025-11-06
None,Malmoe,SWE,1,1475.38244629,2025-10-24,2025-10-27
None,Omonia,CYP,0,1475.05773926,2025-10-24,2025-11-06
None,Norwich,ENG,2,1474.12390137,2025-10-26,2025-11-06
None,Derby,ENG,2,1472.48535156,2025-10-26,2025-11-06
None,Modena,ITA,2,1472.48474121,2025-10-25,2025-11-06
None,Schalke,GER,2,1472.35693359,2025-10-25,2025-11-06
None,Valladolid,ESP,2,1471.8918457,2025-10-27,2025-11-06
None,Westerlo,BEL,1,1468.72583008,2025-10-26,2025-11-06
None,Gornik,POL,1,1467.85876465,2025-10-27,2025-11-06
None,Arouca,POR,1,1467.82617188,2025-10-26,2025-11-06
None,Rio Ave,POR,1,1467.57788086,2025-10-26,2025-11-06
None,St Truiden,BEL,1,1467.33996582,2025-10-27,2025-11-06
None,Hertha,GER,2,1466.87890625,2025-10-26,2025-11-06
None,Oxford,ENG,2,1464.80664062,2025-10-26,2025-11-06
None,Santa Clara,POR,1,1464.25134277,2025-10-26,2025-11-06
None,Silkeborg,DEN,1,1461.70068359,2025-10-27,2025-11-06
None,Cracovia,POL,1,1461.25585938,2025-10-26,2025-11-06
None,Razgrad,BUL,1,1460.87109375,2025-10-24,2025-10-27
None,Bueyueksehir,TUR,1,1460.54956055,2025-10-27,2025-11-06
None,Ceuta,ESP,2,1457.49462891,2025-10-26,2025-11-06
None,Castellon,ESP,2,1456.99938965,2025-10-27,2025-11-06
None,Juve Stabia,ITA,2,1456.85705566,2025-10-27,2025-11-06
None,Spezia,ITA,2,1455.63134766,2025-10-26,2025-11-06
None,Pogon,POL,1,1454.75939941,2025-10-26,2025-11-06
None,Hearts,SCO,1,1454.5814209,2025-10-27,2025-10-29
None,Cesena,ITA,2,1453.88098145,2025-10-26,2025-11-06
None,Rubin Kazan,RUS,1,1453.67565918,2025-08-31,2025-11-06
None,Estoril,POR,1,1452.54760742,2025-10-27,2025-11-06
None,Duesseldorf,GER,2,1452.08789062,2025-10-26,2025-11-06
None,Cercle Brugge,BEL,1,1451.66601562,2025-10-27,2025-11-06
None,Wolfsberg,AUT,1,1449.62097168,2025-10-27,2025-11-06
None,Rosenborg,NOR,1,1448.8828125,2025-10-27,2025-11-06
None,Wrexham,ENG,2,1448.00170898,2025-10-26,2025-11-06
None,Annecy,FRA,2,1447.55725098,2025-10-26,2025-11-06
None,Casa Pia,POR,1,1446.86791992,2025-10-27,2025-11-06
None,Guingamp,FRA,2,1446.22167969,2025-10-25,2025-11-06
None,Malaga,ESP,2,1445.8059082,2025-10-27,2025-11-06
None,Dynamo Kyiv,UKR,1,1444.94030762,2025-10-27,2025-11-06
None,Andorra CF,ESP,2,1443.83666992,2025-10-27,2025-11-06
None,Catanzaro,ITA,2,1442.74707031,2025-10-26,2025-11-06
None,Birmingham,ENG,2,1442.30102539,2025-10-26,2025-11-06
None,Craiova,ROM,1,1442.12683105,2025-10-24,2025-11-06
None,Dunkerque,FRA,2,1442.0982666,2025-10-25,2025-11-06
None,Tromso,NOR,1,1441.65075684,2025-10-27,2025-11-06
None,Lausanne,SUI,1,1440.30212402,2025-10-27,2025-10-29
None,Standard,BEL,1,1438.76831055,2025-10-26,2025-11-06
None,Goeztepe,TUR,1,1438.75866699,2025-10-27,2025-11-06
None,Carrarese,ITA,2,1437.78063965,2025-10-26,2025-11-06
None,Viborg,DEN,1,1436.93127441,2025-10-27,2025-11-06
None,Red Star,FRA,2,1436.55065918,2025-10-25,2025-11-06
None,Heerenveen,NED,1,1434.50866699,2025-10-25,2025-11-06
None,Baltika,RUS,1,1433.69958496,2025-09-01,2025-11-06
None,Zwolle,NED,1,1433.6776123,2025-10-26,2025-11-06
None,Austria Wien,AUT,1,1433.30822754,2025-10-27,2025-11-06
None,Elfsborg,SWE,1,1433.17919922,2025-10-27,2025-11-06
None,Groningen,NED,1,1433.06970215,2025-10-26,2025-11-06
None,Sheffield Weds,ENG,2,1432.06848145,2025-10-26,2025-11-06
None,Banik Ostrava,CZE,1,1432.01220703,2025-10-27,2025-11-06
None,StGallen,SUI,1,1430.72497559,2025-10-26,2025-10-28
None,Slovan Liberec,CZE,1,1430.58618164,2025-10-26,2025-11-06
None,Suedtirol,ITA,2,1429.70922852,2025-10-26,2025-11-06
None,Rostov,RUS,1,1428.76647949,2025-08-31,2025-11-06
None,Alanyaspor,TUR,1,1428.52038574,2025-10-26,2025-11-06
None,Leonesa,ESP,2,1428.16772461,2025-10-26,2025-11-06
None,GAIS,SWE,1,1428.05371094,2025-10-24,2025-10-27
None,Steaua,ROM,1,1426.89770508,2025-10-27,2025-11-06
None,Nacional,POR,1,1426.80700684,2025-10-27,2025-11-06
None,Korona,POL,1,1426.59399414,2025-10-26,2025-11-06
None,Hradec Kralove,CZE,1,1426.58410645,2025-10-26,2025-11-06
None,Pau,FRA,2,1426.27954102,2025-10-25,2025-11-06
None,Rodez,FRA,2,1425.22705078,2025-10-26,2025-11-06
None,Molde,NOR,1,1423.63842773,2025-10-27,2025-11-06
None,Levski,BUL,1,1420.56652832,2025-10-26,2025-11-06
None,Hajduk,CRO,1,1419.8692627,2025-10-24,2025-11-06
None,Reggiana,ITA,2,1417.51855469,2025-10-26,2025-11-06
None,Kasimpasa,TUR,1,1417.42712402,2025-10-27,2025-11-06
None,Nuernberg,GER,2,1417.37304688,2025-10-27,2025-11-06
None,Sociedad B,ESP,2,1417.34924316,2025-10-26,2025-11-06
None,Aris,GRE,1,1416.6628418,2025-10-27,2025-11-06
None,Clermont,FRA,2,1414.79418945,2025-10-25,2025-11-06
None,AIK,SWE,1,1414.31530762,2025-10-27,2025-11-06
None,Sampdoria,ITA,2,1414.13061523,2025-10-26,2025-11-06
None,Servette,SUI,1,1413.60095215,2025-10-27,2025-10-29
None,Maccabi Haifa,ISR,1,1412.5012207,2025-10-26,2025-11-06
None,Sittard,NED,1,1411.50012207,2025-10-26,2025-11-06
None,Bari,ITA,2,1409.66162109,2025-10-27,2025-11-06
None,Konyaspor,TUR,1,1408.82751465,2025-10-27,2025-11-06
None,Gaziantep FK,TUR,1,1407.96142578,2025-10-24,2025-10-27
None,Amiens,FRA,2,1407.4901123,2025-10-26,2025-11-06
None,Grenoble,FRA,2,1407.31347656,2025-10-25,2025-11-06
None,Hibernian,SCO,1,1407.17236328,2025-10-27,2025-10-29
None,Muenster,GER,2,1407.12011719,2025-10-27,2025-11-06
None,SonderjyskE,DEN,1,1406.32202148,2025-10-27,2025-11-06
None,Rapid Bucuresti,ROM,1,1406.13745117,2025-10-24,2025-10-27
None,Le Mans,FRA,2,1406.06494141,2025-10-25,2025-11-06
None,Haecken,SWE,1,1404.60144043,2025-10-27,2025-11-01
None,Laval,FRA,2,1403.53686523,2025-10-25,2025-11-06
None,Fredrikstad,NOR,1,1402.83374023,2025-10-27,2025-11-06
None,Rapid Wien,AUT,1,1402.5982666,2025-10-27,2025-11-06
None,Luzern,SUI,1,1402.31799316,2025-10-26,2025-11-06
None,Bastia,FRA,2,1401.78051758,2025-10-25,2025-11-06
None,Paksi,HUN,1,1400.88195801,2025-10-24,2025-11-06
None,Partizan,SRB,1,1399.8692627,2025-10-25,2025-11-06
None,Sandefjord,NOR,1,1399.00146484,2025-10-27,2025-11-06
None,Kryliya Sovetov,RUS,1,1398.45568848,2025-09-01,2025-11-06
None,KFUM Oslo,NOR,1,1398.30285645,2025-10-26,2025-11-06
None,Leuven,BEL,1,1398.2755127,2025-10-26,2025-11-06
None,Magdeburg,GER,2,1397.88623047,2025-10-27,2025-11-06
None,Piast Gliwice,POL,1,1395.29370117,2025-10-26,2025-11-06
None,Goeteborg,SWE,1,1394.50854492,2025-10-27,2025-11-06
None,Sigma Olomouc,CZE,1,1393.8046875,2025-10-27,2025-11-06
None,Puskas Akademia,HUN,1,1392.01843262,2025-10-26,2025-11-06
None,Lugano,SUI,1,1391.92138672,2025-10-27,2025-11-06
None,Zaragoza,ESP,2,1391.29443359,2025-10-27,2025-11-06
None,Rijeka,CRO,1,1390.83300781,2025-10-24,2025-11-06
None,Alverca,POR,1,1389.55004883,2025-10-25,2025-11-06
None,Rizespor,TUR,1,1388.41308594,2025-10-24,2025-10-27
None,Sarpsborg,NOR,1,1388.07836914,2025-10-26,2025-11-06
None,LASK,AUT,1,1387.60229492,2025-10-26,2025-11-06
None,Radomiak,POL,1,1386.99108887,2025-10-24,2025-10-27
None,Terek Grozny,RUS,1,1385.68798828,2025-08-31,2025-11-06
None,Gyoer,HUN,1,1385.515625,2025-10-27,2025-11-06
None,Zulte Waregem,BEL,1,1384.68640137,2025-10-27,2025-11-06
None,Zuerich,SUI,1,1384.53796387,2025-10-27,2025-10-29
None,Lubin,POL,1,1383.58032227,2025-10-25,2025-11-06
None,Avellino,ITA,2,1382.06384277,2025-10-26,2025-11-06
None,Padova,ITA,2,1381.30102539,2025-10-27,2025-11-06
None,CFR Cluj,ROM,1,1379.50744629,2025-10-26,2025-11-06
None,Fuerth,GER,2,1379.3939209,2025-10-25,2025-11-06
None,Estrela Amadora,POR,1,1378.95703125,2025-10-26,2025-11-06
None,IK Sirius,SWE,1,1377.22888184,2025-10-27,2025-11-06
None,Slovan Bratislava,SLK,0,1375.46777344,2025-10-24,2025-11-06
None,Nancy,FRA,2,1374.91564941,2025-10-26,2025-11-06
None,Bielefeld,GER,2,1373.96923828,2025-10-26,2025-11-06
None,Widzew,POL,1,1373.7956543,2025-10-25,2025-11-06
None,Plock,POL,1,1372.09692383,2025-10-24,2025-10-27
None,Katowice,POL,1,1370.58435059,2025-10-26,2025-11-06
None,Levadeiakos,GRE,1,1369.57958984,2025-10-27,2025-11-06
None,Sion,SUI,1,1369.56762695,2025-10-26,2025-10-28
None,Tondela,POR,1,1367.95935059,2025-10-27,2025-11-06
None,Odense,DEN,1,1365.984375,2025-10-24,2025-10-27
None,Mantova,ITA,2,1363.95629883,2025-10-27,2025-11-06
None,Entella,ITA,2,1363.5958252,2025-10-26,2025-11-06
None,Pescara,ITA,2,1363.30090332,2025-10-26,2025-11-06
None,Boulogne,FRA,2,1362.56604004,2025-10-25,2025-11-06
None,Bohemians Praha,CZE,1,1361.66210938,2025-10-24,2025-10-28
None,Eyupspor,TUR,1,1361.31604004,2025-10-26,2025-11-06
None,Kayseri,TUR,1,1360.98181152,2025-10-25,2025-11-06
None,Hartberg,AUT,1,1360.65759277,2025-10-26,2025-11-06
None,Braunschweig,GER,2,1358.78820801,2025-10-27,2025-11-06
None,Maribor,SVN,1,1356.91760254,2025-10-26,2025-11-06
None,FK Astana,KAZ,0,1355.50500488,2025-10-22,2025-11-06
None,Lechia,POL,1,1355.3638916,2025-10-27,2025-11-06
None,Valerenga,NOR,1,1353.04919434,2025-10-27,2025-11-06
None,Ham-Kam,NOR,1,1351.95959473,2025-10-27,2025-11-06
None,RAAL,BEL,1,1351.31542969,2025-10-27,2025-11-06
None,Heracles,NED,1,1350.72460938,2025-10-26,2025-11-06
None,Akron Togliatti,RUS,1,1349.95239258,2025-09-01,2025-11-06
None,Dender,BEL,1,1349.88452148,2025-10-26,2025-11-06
None,Grasshoppers,SUI,1,1349.6517334,2025-10-26,2025-11-06
None,Istra 1961,CRO,1,1349.54626465,2025-10-24,2025-11-06
None,Volendam,NED,1,1349.26098633,2025-10-26,2025-11-06
None,Thun,SUI,1,1349.22888184,2025-10-26,2025-10-28
None,Dynamo Makhachkala,RUS,1,1348.7668457,2025-09-01,2025-11-06
None,Vejle,DEN,1,1348.75952148,2025-10-27,2025-11-06
None,Orenburg,RUS,1,1347.84301758,2025-08-31,2025-11-06
None,Atromitos,GRE,1,1347.09094238,2025-10-26,2025-11-06
None,Kocaelispor,TUR,1,1347.08435059,2025-10-26,2025-11-06
None,Breda,NED,1,1346.56567383,2025-10-25,2025-11-06
None,Fredericia,DEN,1,1345.80688477,2025-10-27,2025-11-06
None,Motor Lublin,POL,1,1342.50097656,2025-10-25,2025-11-06
None,Botosani,ROM,1,1341.6295166,2025-10-24,2025-10-27
None,Kristiansund,NOR,1,1341.18640137,2025-10-27,2025-11-06
None,Lok Zagreb,CRO,1,1340.78210449,2025-10-24,2025-11-06
None,Karvina,CZE,1,1339.77722168,2025-10-26,2025-11-06
None,Dinamo Bucuresti,ROM,1,1339.67016602,2025-10-24,2025-11-06
None,Dresden,GER,2,1339.57507324,2025-10-26,2025-11-06
None,Antalyaspor,TUR,1,1338.96313477,2025-10-27,2025-11-06
None,Mlada Boleslav,CZE,1,1338.42138672,2025-10-26,2025-11-06
None,Olimpija Ljubljana,SVN,1,1338.13500977,2025-10-27,2025-11-06
None,Excelsior,NED,1,1338.02844238,2025-10-27,2025-11-06
None,Sheriff Tiraspol,MOL,0,1337.35583496,2025-08-15,2025-11-06
None,Trnava,SLK,0,1336.74743652,2025-10-24,2025-11-06
None,Zilina,SLK,0,1336.4699707,2025-10-24,2025-11-06
None,Telstar,NED,1,1330.49475098,2025-10-26,2025-11-06
None,Koper,SVN,1,1329.9720459,2025-10-26,2025-11-06
None,Polissya Zhytomyr,UKR,1,1329.57250977,2025-10-26,2025-11-06
None,Genclerbirligi,TUR,1,1329.5637207,2025-10-27,2025-11-06
None,Brommapojkarna,SWE,1,1329.25427246,2025-10-24,2025-10-27
None,Teplice,CZE,1,1328.85461426,2025-10-26,2025-11-06
None,Sochi,RUS,1,1328.5267334,2025-08-31,2025-11-06
None,Osijek,CRO,1,1328.22766113,2025-10-24,2025-11-06
None,Kosice,SLK,0,1327.41186523,2025-10-24,2025-11-06
None,CSKA Sofia,BUL,1,1326.8190918,2025-10-27,2025-11-06
None,St Mirren,SCO,1,1326.63830566,2025-10-26,2025-10-29
None,Shamrock,IRL,0,1326.27160645,2025-10-24,2025-11-06
None,Hapoel Haifa,ISR,1,1324.671875,2025-10-26,2025-11-06
None,Universitatea Cluj,ROM,1,1324.03942871,2025-10-26,2025-11-06
None,Varazdin,CRO,1,1322.76501465,2025-10-24,2025-11-06
None,Cherno More,BUL,1,1321.93859863,2025-10-26,2025-11-06
None,Zira,AZE,0,1321.51928711,2025-10-23,2025-11-06
None,AVS Futebol,POR,1,1319.78881836,2025-10-26,2025-11-06
None,Otelul Galati,ROM,1,1319.11315918,2025-10-26,2025-11-06
None,Tescoma Zlin,CZE,1,1317.68786621,2025-10-26,2025-11-06
None,Debrecen,HUN,1,1317.0032959,2025-10-24,2025-11-06
None,Beitar,ISR,1,1316.04333496,2025-10-26,2025-11-06
None,Nakchivan,AZE,0,1315.63562012,2025-10-23,2025-11-06
None,Arka,POL,1,1313.83508301,2025-10-26,2025-11-06
None,Nizhny Novgorod,RUS,1,1313.69348145,2025-08-31,2025-11-06
None,Sabah,AZE,0,1313.62316895,2025-10-23,2025-11-06
None,Norrkoeping,SWE,1,1312.61914062,2025-10-27,2025-11-06
None,Stromsgodset,NOR,1,1311.84375,2025-10-27,2025-11-06
None,Kilmarnock,SCO,1,1310.46069336,2025-10-27,2025-10-29
None,Slaven Belupo,CRO,1,1310.25024414,2025-10-24,2025-11-06
None,Bryne,NOR,1,1310.10583496,2025-10-26,2025-11-06
None,BW Linz,AUT,1,1309.61499023,2025-10-26,2025-11-06
None,Nieciecza,POL,1,1309.58898926,2025-10-25,2025-11-06
None,Dundee United,SCO,1,1308.62768555,2025-10-26,2025-10-29
None,Viitorul,ROM,1,1308.22424316,2025-10-26,2025-11-06
None,Slovacko,CZE,1,1306.21533203,2025-10-26,2025-11-06
None,Kairat,KAZ,0,1305.41247559,2025-10-22,2025-11-05
None,Kryvbas,UKR,1,1304.37670898,2025-10-27,2025-11-06
None,Motherwell,SCO,1,1302.35107422,2025-10-26,2025-10-29
None,Noah,ARM,0,1301.97961426,2025-10-24,2025-11-06
None,MTK,HUN,1,1301.87133789,2025-10-26,2025-11-06
None,NFC Volos,GRE,1,1300.37939453,2025-10-27,2025-11-06
None,Halmstad,SWE,1,1300.07653809,2025-10-27,2025-11-06
None,Panetolikos,GRE,1,1299.32727051,2025-10-26,2025-11-06
None,Fatih Karaguemruek,TUR,1,1297.92602539,2025-10-25,2025-11-06
None,Bravo,SVN,1,1295.52001953,2025-10-25,2025-11-06
None,Winterthur,SUI,1,1294.77941895,2025-10-26,2025-10-28
None,Netanya,ISR,1,1294.40124512,2025-10-26,2025-11-06
None,Ried,AUT,1,1293.11120605,2025-10-27,2025-11-06
None,Asteras Tripolis,GRE,1,1292.39013672,2025-10-27,2025-11-06
None,Vaduz,LIE,0,1291.45935059,2025-10-24,2025-11-06
None,Olexandriya,UKR,1,1291.04675293,2025-10-25,2025-11-06
None,Pyunik,ARM,0,1289.53796387,2025-10-24,2025-11-06
None,OFI,GRE,1,1286.23254395,2025-10-26,2025-11-06
None,Altach,AUT,1,1285.16125488,2025-10-26,2025-11-06
None,St Patricks,IRL,0,1285.14477539,2025-10-24,2025-11-06
None,Zrinjski Mostar,BHZ,0,1284.03991699,2025-10-24,2025-11-06
None,FK Riga,LAT,0,1283.32727051,2025-08-29,2025-11-06
None,Dukla,CZE,1,1282.01123047,2025-10-26,2025-11-06
None,Aarau,SUI,1,1278.32324219,2025-10-24,2025-11-06
None,Hermannstadt,ROM,1,1278.03491211,2025-10-24,2025-10-27
None,Metalist 1925,UKR,1,1277.71228027,2025-10-26,2025-11-06
None,Vikingur,ISL,0,1276.32275391,2025-10-24,2025-11-06
None,Diosgyori,HUN,1,1276.29931641,2025-10-24,2025-11-06
None,Varnamo,SWE,1,1275.99694824,2025-10-26,2025-11-06
None,Aberdeen,SCO,1,1275.78833008,2025-10-27,2025-10-29
None,Bnei Sakhinin,ISR,1,1273.77172852,2025-10-26,2025-11-06
None,Pardubice,CZE,1,1273.32116699,2025-10-26,2025-11-06
None,Kuopio,FIN,0,1272.92907715,2025-10-24,2025-11-06
None,UTA Arad,ROM,1,1271.77978516,2025-10-27,2025-11-06
None,Oester,SWE,1,1270.69396973,2025-10-26,2025-11-06
None,HNK Gorica,CRO,1,1268.10839844,2025-10-24,2025-11-06
None,Zorya,UKR,1,1266.51574707,2025-10-25,2025-11-06
None,Zalaegerszegi,HUN,1,1265.67553711,2025-10-27,2025-11-06
None,Wattens,AUT,1,1263.88366699,2025-10-26,2025-11-06
None,Karpaty,UKR,1,1262.40368652,2025-10-26,2025-11-06
None,Kolos,UKR,1,1261.06811523,2025-10-24,2025-11-06
None,Novi Sad,SRB,1,1260.87011719,2025-10-25,2025-11-06
None,Hapoel Jerusalem,ISR,1,1256.01293945,2025-10-26,2025-11-06
None,Dundee,SCO,1,1255.94396973,2025-10-26,2025-11-06
None,CSKA 1948 Sofia,BUL,1,1255.88110352,2025-10-24,2025-10-27
None,Shelbourne,IRL,0,1253.73852539,2025-10-24,2025-11-06
None,Arges Pitesti,ROM,1,1250.3203125,2025-10-24,2025-11-06
None,Kifisias,GRE,1,1250.29528809,2025-10-26,2025-11-06
None,Kisvarda,HUN,1,1250.12133789,2025-10-27,2025-11-06
None,Ararat,ARM,0,1249.16577148,2025-10-24,2025-11-06
None,Ujpest,HUN,1,1249.04919434,2025-10-24,2025-11-06
None,Ashdod,ISR,1,1247.89160156,2025-10-26,2025-11-06
None,Aktobe,KAZ,0,1247.28381348,2025-10-22,2025-11-06
None,Petrolul Ploiesti,ROM,1,1247.12597656,2025-10-25,2025-11-06
None,Unirea Slobozia,ROM,1,1246.16650391,2025-10-24,2025-10-27
None,Degerfors,SWE,1,1245.62487793,2025-10-26,2025-11-06
None,GAK,AUT,1,1240.79211426,2025-10-26,2025-11-06
None,Derry City,IRL,0,1240.77844238,2025-10-24,2025-11-06
None,HJK Helsinki,FIN,0,1238.16015625,2025-10-24,2025-11-06
None,Larisa,GRE,1,1237.66894531,2025-10-26,2025-11-06
None,Panserraikos,GRE,1,1235.78344727,2025-10-26,2025-11-06
None,Drita,KOS,0,1234.49694824,2025-10-24,2025-11-06
None,Arda,BUL,1,1233.04309082,2025-10-25,2025-11-06
None,H Tel Aviv,ISR,1,1231.41674805,2025-10-26,2025-11-06
None,Rukh Lviv,UKR,1,1229.93017578,2025-10-26,2025-11-06
None,Nyiregyhaza,HUN,1,1229.26965332,2025-10-26,2025-11-06
None,LNZ,UKR,1,1226.81164551,2025-10-26,2025-11-06
None,Csikszereda,ROM,1,1224.90246582,2025-10-25,2025-11-06
None,Obolon Kyiv,UKR,1,1223.95068359,2025-10-26,2025-11-06
None,Shkendija,MAC,0,1221.85705566,2025-10-24,2025-11-06
None,RFS,LAT,0,1221.7947998,2025-08-29,2025-11-06
None,Zeljeznicar,BHZ,0,1218.11254883,2025-10-24,2025-11-06
None,Haugesund,NOR,1,1217.01794434,2025-10-27,2025-11-06
None,Lok Plovdiv,BUL,1,1215.33618164,2025-10-25,2025-11-06
None,Kazincbarcika,HUN,1,1214.96166992,2025-10-26,2025-11-06
None,FK Sarajevo,BHZ,0,1211.59143066,2025-10-24,2025-11-06
None,Falkirk,SCO,1,1211.34533691,2025-10-26,2025-10-29
None,Borac Banja Luka,BHZ,0,1211.19226074,2025-10-24,2025-11-06
None,Novi Pazar,SRB,1,1207.89477539,2025-10-25,2025-11-06
None,Breidablik,ISL,0,1206.78686523,2025-10-24,2025-11-06
None,Ordabasy,KAZ,0,1206.1307373,2025-10-22,2025-11-06
None,Veres,UKR,1,1205.64611816,2025-10-25,2025-11-06
None,Ironi Tiberias,ISR,1,1205.50402832,2025-10-26,2025-11-06
None,Backa Topola,SRB,1,1203.53051758,2025-10-26,2025-11-06
None,Dinamo Minsk,BLR,0,1202.69592285,2025-08-29,2025-11-06
None,Valur,ISL,0,1202.5723877,2025-10-24,2025-11-06
None,Ilves Tampere,FIN,0,1196.88330078,2025-10-24,2025-11-06
None,Akureyri,ISL,0,1190.68774414,2025-10-24,2025-11-06
None,Klaksvik,FAR,0,1189.47131348,2025-08-15,2025-11-06
None,Botev Plovdiv,BUL,1,1184.4317627,2025-10-25,2025-11-06
None,H Petach Tikva,ISR,1,1183.79003906,2025-10-26,2025-11-06
None,Dinamo Tirana,ALB,0,1183.72363281,2025-08-29,2025-11-06
None,Banants,ARM,0,1182.26147461,2025-10-24,2025-11-06
None,Ballkani,KOS,0,1182.08618164,2025-10-24,2025-11-06
None,Livingston,SCO,1,1181.75866699,2025-10-26,2025-11-06
None,Metaloglobus,ROM,1,1179.47680664,2025-10-24,2025-11-06
None,Auda,LAT,0,1179.07128906,2025-08-29,2025-11-06
None,Cukaricki,SRB,1,1179.06665039,2025-10-26,2025-11-06
None,Neman Grodno,BLR,0,1179.02624512,2025-08-29,2025-11-06
None,Seinajoki,FIN,0,1174.68481445,2025-10-24,2025-11-06
None,Lok Sofia,BUL,1,1173.46520996,2025-10-25,2025-11-06
None,Aluminij,SVN,1,1172.84179688,2025-10-25,2025-11-06
None,Primorje,SVN,1,1172.31225586,2025-10-26,2025-11-06
None,Kragujevac,SRB,1,1172.0645752,2025-10-26,2025-11-06
None,Daugavpils,LAT,0,1171.93505859,2025-08-29,2025-11-06
None,Kiryat Shmona,ISR,1,1171.69274902,2025-10-24,2025-10-27
None,Beroe Stara Zagora,BUL,1,1170.64880371,2025-10-27,2025-11-06
None,OFK,SRB,1,1170.45056152,2025-10-26,2025-11-06
None,Zalgiris Vilnius,LIT,0,1167.50378418,2025-08-15,2025-11-06
None,Spartak Varna,BUL,1,1165.12036133,2025-10-25,2025-11-06
None,Maccabi Bnei Raina,ISR,1,1164.25744629,2025-10-27,2025-11-06
None,Slavia Sofia,BUL,1,1162.03674316,2025-10-26,2025-11-06
None,Radomlje,SVN,1,1160.64086914,2025-10-26,2025-11-06
None,Torpedo Kutaisi,GEO,0,1159.65429688,2025-08-01,2025-11-06
None,Petrocub,MOL,0,1159.45898438,2025-08-15,2025-11-06
None,Partizani Tirana,ALB,0,1158.83312988,2025-08-29,2025-11-06
None,Egnatia,ALB,0,1157.89294434,2025-08-29,2025-11-06
None,Mura,SVN,1,1154.60046387,2025-10-27,2025-11-06
None,Zeleznicar Pancevo,SRB,1,1152.74572754,2025-10-26,2025-11-06
None,FC Spaeri,GEO,0,1150.32836914,2025-08-01,2025-11-06
None,Dila Gori,GEO,0,1149.45703125,2025-08-01,2025-11-06
None,Saburtalo,GEO,0,1149.44433594,2025-08-01,2025-11-06
None,Vllaznia,ALB,0,1145.86254883,2025-08-29,2025-11-06
None,Botev Vratsa,BUL,1,1132.05249023,2025-10-26,2025-11-06
None,Mladost Lucani,SRB,1,1131.71472168,2025-10-25,2025-11-06
None,Kauno Zalgiris,LIT,0,1131.27319336,2025-08-15,2025-11-06
None,Flora Tallinn,EST,0,1130.34887695,2025-08-15,2025-11-06
None,Vukovar,CRO,1,1127.34326172,2025-10-24,2025-11-06
None,Kudrivka,UKR,1,1126.60107422,2025-10-27,2025-11-06
None,Dinamo Brest,BLR,0,1124.85290527,2025-08-29,2025-11-06
None,Levski Krumovgrad,BUL,1,1124.67883301,2025-10-24,2025-11-06
None,Zimbru,MOL,0,1121.74804688,2025-08-15,2025-11-06
None,Hamrun,MLT,0,1118.51086426,2025-10-24,2025-11-06
None,Domzale,SVN,1,1115.03674316,2025-10-27,2025-11-06
None,Linfield,NIR,0,1112.89929199,2025-08-29,2025-11-06
None,Banga,LIT,0,1112.11181641,2025-08-15,2025-11-06
None,Septemvri Sofia,BUL,1,1110.15454102,2025-10-26,2025-11-06
None,Torpedo Zhodino,BLR,0,1109.9786377,2025-08-29,2025-11-06
None,Episentr,UKR,1,1109.55285645,2025-10-25,2025-11-06
None,Milsami Orhei,MOL,0,1106.4597168,2025-08-15,2025-11-06
None,IMT,SRB,1,1106.28515625,2025-10-26,2025-11-06
None,Hegelmann,LIT,0,1105.8293457,2025-08-15,2025-11-06
None,Zlatibor,SRB,1,1102.72827148,2025-10-24,2025-11-06
None,Decic,MNT,0,1098.27697754,2025-08-01,2025-11-06
None,Vardar,MAC,0,1097.85119629,2025-10-24,2025-11-06
None,SK Poltava,UKR,1,1095.85522461,2025-10-24,2025-11-06
None,Sileks,MAC,0,1089.18017578,2025-10-24,2025-11-06
None,Nis,SRB,1,1086.70385742,2025-10-27,2025-11-06
None,Paide Linnameeskond,EST,0,1082.51721191,2025-08-15,2025-11-06
None,Sutjeska,MNT,0,1082.15673828,2025-08-01,2025-11-06
None,Rabotnicki,MAC,0,1079.5032959,2025-10-24,2025-11-06
None,Ivanjica,SRB,1,1078.39819336,2025-10-25,2025-11-06
None,Prishtine,KOS,0,1077.00134277,2025-10-24,2025-11-06
None,Nomme Kalju,EST,0,1067.46777344,2025-08-15,2025-11-06
None,Montana 1921,BUL,1,1067.00183105,2025-10-25,2025-11-06
None,The New Saints,WAL,0,1066.42773438,2025-07-30,2025-11-06
None,Differdang,LUX,0,1064.40576172,2025-08-29,2025-11-06
None,Floriana,MLT,0,1064.05627441,2025-10-24,2025-11-06
None,Larne,NIR,0,1059.32751465,2025-08-29,2025-11-06
None,Krusevac,SRB,1,1057.24719238,2025-10-25,2025-11-06
None,Hibernians Paola,MLT,0,1055.92285156,2025-10-24,2025-11-06
None,Radnik Surdulica,SRB,1,1055.84655762,2025-10-24,2025-11-06
None,R Letzebuerg,LUX,0,1055.80249023,2025-08-29,2025-11-06
None,Dungannon,NIR,0,1052.24328613,2025-08-29,2025-11-06
None,Birkirkara,MLT,0,1051.47961426,2025-10-24,2025-11-06
None,Blagoevgrad,BUL,1,1050.56921387,2025-10-24,2025-11-06
None,FC Infonet,EST,0,1050.10656738,2025-08-15,2025-11-06
None,Malisheva,KOS,0,1050.10620117,2025-10-24,2025-11-06
None,HB Torshavn,FAR,0,1050.02600098,2025-08-15,2025-11-06
None,Una Strassen,LUX,0,1047.87158203,2025-08-29,2025-11-06
None,Lincoln,GIB,0,1042.81225586,2025-10-24,2025-11-06
None,Runavik,FAR,0,1039.27258301,2025-08-15,2025-11-06
None,Dudelange,LUX,0,1035.68383789,2025-08-29,2025-11-06
None,Podgorica,MNT,0,1034.60510254,2025-08-01,2025-11-06
None,Dobrudzha,BUL,1,1033.67834473,2025-10-26,2025-11-06
None,Hebar,BUL,1,1033.54309082,2025-10-24,2025-11-06
None,Gota,FAR,0,1033.25939941,2025-08-15,2025-11-06
None,Cliftonville,NIR,0,1032.94494629,2025-08-29,2025-11-06
None,Escaldes,AND,0,1002.06817627,2025-08-01,2025-11-06
None,Penybont,WAL,0,988.081787109,2025-07-30,2025-11-06
None,Haverfordwest,WAL,0,985.360107422,2025-07-30,2025-11-06
None,St Josephs,GIB,0,958.815917969,2025-10-24,2025-11-06
None,Santa Coloma,AND,0,954.305175781,2025-08-01,2025-11-06
None,Atletic Club Escaldes,AND,0,944.222595215,2025-08-01,2025-11-06
None,FCB Magpies,GIB,0,925.739562988,2025-10-24,2025-11-06
None,SS Virtus,SMR,0,767.627746582,2025-08-29,2025-11-06
None,Tre Fiori,SMR,0,736.193237305,2025-08-29,2025-11-06
None,La Fiorita,SMR,0,716.190124512,2025-08-29,2025-11-06


